uid,group,label_raw,label,text_min,model_pred,annot_true_sentiment,annot_label_is_wrong,annot_note
7a701cbb995b3aab,romanized_codemixed,5,positive,Bad🤬🤬 eiTa choT ball game Ball na eita 🤬🤬🤬,negative,,,
79a85244c54fea52,bangla_script,2,negative,"প্রডাক্ট খুব তাড়াতাড়ি পেয়েছি ,দেখতে খুব সুন্দর কিন্তু চিন্তার বিষয় ম্যাগনেটিক কাজ করবে কিনা ?ম্যাগনেটিক দেখতে কেমন জেনো রংয়ের মত লাগছে !!! কাজ হলে ভালো, না হলে কিছু করার নাই ।ধন্যবাদ ।",positive,,,
c7bb027eee0d1e00,romanized_codemixed,4,positive,valo vabe wrapping kora uchit chilo sathe mug o free dewar kotha. seta kothay? eta ki dhoron er protarona?? 😡,negative,,,
e0d1a9df6311d859,romanized_codemixed,5,positive,amar 2 ta sponge order chilo 1 ta dice,negative,,,
9de6a49905efdb91,romanized,3,negative,choto onek ta chara cute,positive,,,
6e8d1e11c88f84df,english,5,positive,Just open the package & see the door edge is a little bit loose. Very disappointed. Let's see the service.,negative,,,
f64ea94b90a7ba65,bangla_script,3,negative,এভারেজ লাগসে 😊,positive,,,
74ea59b98c1adc07,bangla_script,5,positive,দুইটা ঘড়ি নিলাম আপনাদের কাছ থেকে একটা হলুদ কালার একটা গোলাপী কালার গোলাপি কালার টা টাইম সেট করা যাচ্ছে না কাজ করে না,negative,,,
724fb452bbb0ec30,bangla_script,5,positive,প্যাকেটিক টা খুব বাজে ছিলো,negative,,,
7850c27124f18b04,bangla_script,4,positive,খুব পাতলা ডাস্ট প্যান দিয়েছে। মেয়াদ ১ বছর এর মত আছে। মোটামুটি,negative,,,
f933e879a4d47839,bangla_script,5,positive,দেখতে নর্মাল প্লাস্টিক। ভাবছিলাম নরমাল হবে। কিন্তু ব্যবহার করে বুঝলাম ঠকিনি। ১ মাস পুরা ব্যবহারেও এখনো ধার কমেনি 🙂 এমনে চললে তো ১০টা ব্লেডের বক্স টা খোলাই পড়বে না আর এ বছর। 😒,negative,,,
d340096ab84e7e45,bangla_script,5,positive,"এটা একটা ফালতু প্রোডাক্ট, আধা ঘণ্টায় ডিস কালার",negative,,,
57ef7f5cad161833,bangla_script,5,positive,মোটামুটি ভালো চলে ১৫ দিন ব্যবহারের করার পরে রিভিউ দিচ্ছি সব ঠিক থাক আছে কিন্তু কানেকশন একলা একলাই ছেড়ে দেয়। এই সমস্যাটাই আছে।,negative,,,
87d01da5a6abc923,english,5,positive,"bad packaging, very dissatisfied",negative,,,
402ce4ba005d1750,romanized,2,negative,kubi valo ei cream,positive,,,
25092b2b1d42d0fc,romanized,5,positive,vai kub akta valo na,negative,,,
23708758d804b9eb,bangla_script,3,negative,প্রোডাক্টটা ভালো ছিল ভালো প্যাকেজিং এ এসেছিল কিন্তু আসতে খুব সময় লেগেছে,positive,,,
3fecb84a7165ea0d,romanized_codemixed,5,positive,"ja order koresi,se product den nai,Abar product return koresi,ekhono refund den nen nai",negative,,,
dbb6b7b70422d051,mixed_script,5,positive,orginal ki na janina প্যাকেজিং ভালো ছিল না আর নিব না দারাজ থেকে কোন কিছুই এভাবে লোক ঠকানো,negative,,,
484f111ad14c9228,bangla_script,5,positive,খুলেই ভাঙা পেয়েছি। রিটার্ন করতে চাইলেও নেন নি,negative,,,
d571568788361855,english,1,negative,body wash is a very good product.😊😊😊😊😊😊😊😋😋😋,positive,,,
f07c455e6e227fe1,romanized_codemixed,5,positive,"Ai watch ti belt khub cikon ladies watcher moto, light jolena,age akta watch niyecilam return korci tar taka akhono paini aj 14 din holo takata kobe pabo ,jamon dekhay tamon day na,",negative,,,
43882edfb342aa6e,english,5,positive,Leather quality is very poor,negative,,,
ac726bddff78f575,romanized_codemixed,5,positive,Ekdom baje ekta ghori 10/15 din use korar por rivew dicchi.... matro ei koidiner modhei ghorir dhar diye rong uthe moricha porar Moto hoye geche.... eto kharap Hobe eta asha kori nai....ei ghorita Kew niben na ei pricer modhe bazar theke ghori Nile er theke 100% better ghori pawa jabe....,negative,,,
7b9eb4df1a2ed868,bangla_script,5,positive,অন্য কালার ঘড়ী দিছে যে কালার অডার করছি সেটা দেয়নি,negative,,,
f0c467c398a601ab,bangla_script,4,positive,এটার সেনসিটিভির মাত্রা বেশী বলে প্লাস্টিক বডিতেও অনেক সময় নীল বাতি শো করে!!,negative,,,
bc6c3bf283f3a15f,bangla_script,5,positive,"গত ২২ তারিখে কিবোর্ডটা পাই, কিবোর্ড আনারপরে ২-৩ দিন চালানো হয় নাই ২৪ তারিখে চালাবো তখন দেখলাম মাউসটা চলে কওন্তু কিবোর্ডটা চলেনা এটা খুবই হতাশাজনক।",negative,,,
ce545c0cb3655a14,bangla_script,5,positive,চ্যাটে অনেক ভাবে অনুরোধ করেছিলাম চকলেট কালার দেওয়ার জন্য কিন্তু সেলার তাদের ইচ্ছেমতো অপ হোয়াইটই দিল এটা ঠিক হলো না।,negative,,,
2ec07b2f1ce983e2,bangla_script,3,negative,টাকা হিসেবে ভালো,positive,,,
52858538ca0aaca9,bangla_script,5,positive,"অর্ডার করলাম ২০০ গ্রামের আসলো ১০০ গ্রাম , এখন রিটার্ন ব্যাক করতে আমার এখন আবার ৭০ টাকা খরচ হচ্ছে, ফালতু, সবার কাছে অনুরোধ থাকলো কেউ এ সেলার থেকে কোন পণ্য অর্ডার করবেন না",negative,,,
4509f474193dc179,romanized_codemixed,5,positive,product peyechi time moto. kinto battery lagano nei. Alada vabe battery kinlam. kinto On hocche na.. product ta ki nosto???,negative,,,
854be00502577630,bangla_script,4,positive,ব্যাগ টা সুন্দর। কিন্তু মেইন কথা হলো ব্যাগের ভেতরে কোনো চেইন সিস্টেম নেই।ছোট একটা চেইন আছে।ফোন রাখা যাবে না এই খোলা ব্যাগে।চেইন না থাকার কারণে ফোন জিনিস পত্র রিস্কি হয়ে যাবে।,negative,,,
0b9164791f01082a,bangla_script,5,positive,"প্যাকেজিং ভালো ছিল না, মধু পরে গেছে। ম্যাচের কাঠি মধুতে ডুবানোর পর আগুন এর কাছে নিয়ে গেলে তা জ্বলেছিল, এতে বলা যায় যে মধু কাঠি। সেলারকে অনুরোধ করছি প্যাকেজিং ভালো করার জন্য।",negative,,,
1cd39d09f245c26f,english,5,positive,only one piece? is your mistake either my mistak? what to do now,negative,,,
1e0b0ec63ee28c84,english,5,positive,"I don't get phantom power to microphone divice contact cable. Please check and let me know what you will do, take necessary action.",negative,,,
3e817de8ff55f8ca,english,5,positive,I didn't get what I wanted,negative,,,
b23c72ffa8ef00b6,bangla_script,5,positive,একদমই বাজে প্রডাক্ট। কিনবেন তো ঠকবেন।বি টিভির মত জিরজির করে।লেনস খুবই জঘন্য। সবমিলিয়ে আমি খুবই বিরক্ত। আমার টাকাগুলো জলে গেল।,negative,,,
f783a02d36868a31,english,3,negative,Nice but quality better kortay hobay,positive,,,
d746ea1427cb6c49,romanized_codemixed,2,negative,This products real price is 254tk.,positive,,,
7ba433d7057953e0,bangla_script,5,positive,তিনটা নিয়েছিলাম একটা নষ্ট পাইছি,negative,,,
da111caddc699c7b,english,3,negative,could be better,positive,,,
269294d8f9758d05,romanized,5,positive,uptan ta khulei Dekhi fata half porei gese r half chilo,negative,,,
795e9a6511be19cc,bangla_script,1,negative,আলহামদুলিল্লাহ খুব ভাল সবাই ঠিক ছিল,positive,,,
38e95e19b96e8084,bangla_script,5,positive,পুরাই ফালতু। বাজে একটা গন্ধ। বাজে তেল দিয়ে ভাজা হইছে।,negative,,,
931f2fedf0ccf6d2,english,4,positive,fan is not that speedy.,negative,,,
7458dd71b8d3c5a1,bangla_script,1,negative,আলহামদুলিল্লাহ অনেক ভালো যা চাইছি তাই পাইছি৷ ধন্যবাদ দারাজ,positive,,,
6cc5ad8389d64e18,bangla_script,5,positive,চাপটার জায়গায় তিনটা দিছে দাম নিয়েছেন চারটার পাঠাইছেন তিনটা বাটপারি করার জায়গা পান না কেউ কিনবেন না ফালতু,negative,,,
53d85c9c57a1662a,bangla_script,1,negative,দাম হিসেবে কোয়ালিটি নরমাল তবে সুন্দর,positive,,,
5621150482c788ac,english,3,negative,not like the original but still good,positive,,,
158ca26c44042027,bangla_script,5,positive,দারাজ মল এত বাজে ভাবে প্যাকেট করেছে যে আমার বক্সের মুখ ভেংগে গেছে। ছি এমন কিপটামি করার কি দরকার ছিল?? দাম তো আর কম নেন নাই.....,negative,,,
279195fc05cef7bb,english,3,negative,"The seller was good. But i had received wrong product and later the seller helps me to returned that,and he gave me the money back. Thanks seller, he is responsible and great honor for him. Thanks draz for making such space to buye authentic things and products from all over the world.",positive,,,
4bfc7fcc7b6380e5,romanized_codemixed,5,positive,very bad vabsilam valo hobe 😡,negative,,,
70e1f873cfac6ee4,bangla_script,5,positive,পরিমানে বেশি দিতে হয়। মান আরো ভালো করতে হবে।,negative,,,
12e633cd750dbe07,english,5,positive,"𝖿𝖺𝖻𝗋𝗂𝖼 𝗊𝗎𝖺𝗅𝗂𝗍𝗒 𝗂𝗌 𝗇𝗈𝗍, very poor quality you should improved the fabric quality and design.",negative,,,
faa2b55100a1a82f,bangla_script,1,negative,এটা ভালো ছিল ধন্যবাদ,positive,,,
841ce5a1cba87f15,bangla_script,5,positive,এটা তো একটা খেলনা কিবোর্ড । কম্পিউটারে চলেনা।,negative,,,
fa3dba9c3d8452df,romanized,4,positive,1 ta packet chera chilo,negative,,,
b583941b82ecc177,bangla_script,5,positive,কি বলবো নষ্ট জিনিস দিয়ে দারাজ বিজনেস করে। এইটা কোন লাইন পায়না। আমার টাকাটাই বেথ্যা গেলো।কি ভাবে ফেরত দেওয়া যায় যানালে উপকৃত হব।,negative,,,
b6a409ea63241118,bangla_script,1,negative,আলহামদুলিল্লাহ টিক সময়ের আগে জিনিসটা হাতে পেয়েছি খুব ভালো আপনারা চাইলে নিতে পারেন,positive,,,
15b54197e8d0187a,bangla_script,4,positive,"বইগুলো মোটামুটি ভাল, কারণ বইয়ের প্রথম পাতা ও লাস্ট পাতা লেমিনিটিং বাকিগুলো নরমাল কাগজের।।",negative,,,
7e9f81b7fcf735ab,english,5,positive,i can't find any cover inside. where is my bag cover,negative,,,
0508ee0a55d430d2,romanized,3,negative,biscuit 🍪 gulo valo chilo onek yummy 😋,positive,,,
24d075dd00dcef89,bangla_script,3,negative,"পণ্য সম্পূর্ণ ভালো, মেয়াদও যথেষ্ট ছিল। তবে দুই প্যাকেট অর্ডার করলেও আমাকে পাঠানো হয়েছিল এক প্যাকেট, ভিডিও করে রেখেছিলাম তাই রিফান্ড নিতে পেরেছি।",positive,,,
a06bdeb5fbc5bc1c,bangla_script,5,positive,পাতলা মনে হয় পানি মিশিয়ে দেওয়া। ব্যাপারটা বুঝলাম না,negative,,,
c6b385c060be6378,bangla_script,5,positive,আসলে আমি আসা করছিলাম প্রোডাক্ট টা ভালো হবে কিন্তু আসলে প্রোডাক্ট টা ২ নাম্বার দিছে অরিজিনাল গুদ্রেজ দেয়নাই।,negative,,,
47a3fc531b6fdefa,bangla_script,3,negative,দেখতে ভালোই,positive,,,
1e48b6f18343a93a,romanized_codemixed,4,positive,Watch all good but receive a call not showing the contact number name. Only show number,negative,,,
43b994b1f9bdd924,english,5,positive,its a scam its so low quality and small but the pakjing was good,negative,,,
f86c4d36242c6528,bangla_script,2,negative,ঠিকই পেয়েছি,positive,,,
22b074d1f63b34c4,bangla_script,5,positive,"পিকচার একটা আর প্রডাক্ট ডেলিভারি দিছে আর একটা। একদম নিম্নমানের কোন ভাবে কাপড় দিয়ে বানানো। ৩ টা ৩ সাইজ এর, কোন সাইজ বাইজ এর ঠিক ঠিকানা নাই। জাস্ট একটা কাপড় পাঠাইছে আর কিছু না। টাকা বেকার।",negative,,,
baed7753f3091991,romanized_codemixed,1,negative,peket valo cilo amr dekte onk valo lagce big thanks daraz k ami protom nisi j daraz teke kinto amk sob golo ak sate de nai akta akta kore dicce j amr onk kostu hocce,positive,,,
d9d057204d100c04,bangla_script,5,positive,ব্যাটারী চার্জ হয়না।,negative,,,
2dd5e781de1de785,english,5,positive,I order Levender oil but you have given me rosemary oil.Is it fair?,negative,,,
5c1e3d7a11284ed9,romanized_codemixed,4,positive,eta 100% chash er modhu. plus etar smell khubie baje lagse. dam o prochur nise. amar kache sundarban mix honey / flower honey better lage. etar taste khubie baje...,negative,,,
9022de5a8086ae97,bangla_script,5,positive,খুব একটা ভালো মানের নয়,negative,,,
db0792fe517a6c46,romanized_codemixed,3,negative,"betray te problem cilo, product quality valo. Chaile nite paren.",positive,,,
f9991152fc653324,bangla_script,5,positive,"ফালতু একটা ঘড়ি,রংটা মনে হয় ৫ দিন ও থাকবে না???",negative,,,
57b5ccc8c4ae24bb,bangla_script,4,positive,"নুডুলস গুলো ঠিকাছে, নুডুলস স্টিক গুলো মোটা ছিলো!! এক্সফায়ার ডেট ও এনাফ ছিলো। কিন্তু নুডুলসের প্যাকের নিচের দিকে দুইটা ফুটা পেয়েছিলাম, যার কারণে ফুটোর মধ্যে দিয়ে বাতাস আসা যাওয়া করছিলো!!! মেশিনারি ফল্ট মনে হচ্ছে!!",negative,,,
ed031bcbf00c37c7,english,1,negative,"The colors of the lipstick are very beautiful, you can take it if you want, and the use of the seller's brother is very good.",positive,,,
9e8c075c3ecb580d,english,5,positive,"Plz check all products before shipping , it is very disappointing to receive a defective item ... or not original.... ... it is second time to me . 1st time I got copy , this time defective ( water licks from two rivet) ... As you don’t have instant return option ... I’m not sure l am going to buy further or not .",negative,,,
6f0ac21405865a2a,english,5,positive,chocolate was totally broken,negative,,,
03de1137f4cf174e,bangla_script,5,positive,"প্রথম ব্যবহারের পদ্ধতি বুঝিনি, নরমাল ব্রাশের মত ব্রাশ করতে হয় তাহলে দাঁত পরিষ্কার হয়। এখন ভালো লাগছে। যে ফাংশনগুলো দিয়েছে আমার কাছে কাজের মনে হয়নি। শুধুমাত্র প্রথমটাই কাজের মনে হয়েছে, আরেকটি ব্যাপার ভালো লাগেনি, ফ্রি চারটে মাথা, আর বাঁশের সাথে লাগানো মাথা একরকম না.",negative,,,
0eebf8d1074d2ed7,english,3,negative,good for all content creator 💝,positive,,,
48b52a879e21e68e,mixed_script,3,negative,প্রোডাক্টটি আজকেই হাতে পেলাম দাম হিসেবে প্রোটেক্টর কোয়ালিটি ভালোই আছে এটা একদম straight keyboard এর জন্য কিছুটা কার্ভ হলে ভালো হতো তবে আমার কাজের জন্য চলে,positive,,,
3039ed2a524439d0,bangla_script,5,positive,"মোটামুটি,তেমন ১টা সুভিদার না...",negative,,,
3efddc6f9759bb7a,english,3,negative,"Assalamualaikum, Sunscreen is good. smell is really amazing. love it. thank you",positive,,,
2aa59b8348157b6e,bangla_script,2,negative,আলহামদুলিল্লাহ যেমনটা দেখছি তেমনটাই পাইছি,positive,,,
d07ce289b3300857,bangla_script,3,negative,আলহামদুলিল্লাহ। ঠিকঠাক হাতে পেয়েচি। কিন্তু দামটা একটু বেশিই মনে হলো। তাও নেওয়ার মতো।,positive,,,
24709b5797322627,romanized_codemixed,5,positive,Chorom 1ta faltu product quality ekdom E baje ayta kono kaz er product na fully waste Of money.kew kinben nh,negative,,,
e7a922517fcf1445,bangla_script,4,positive,"জিনিস ভালো, তবে ফাইভ স্টার দিতে পারলাম না এই কারণে যে ওয়াইফাই রাউটার থেকে দুই দেয়াল পর আর কানেকশন পায় না। সিগনাল রিসিভার আরেকটু ভালো হওয়া উচিত ছিলো।",negative,,,
74370a80de45d3a9,bangla_script,5,positive,এত একটা ভাল নয় কলার টা কারাপ,negative,,,
9925506699cd9f94,english,1,negative,thanks for such a good product,positive,,,
367ea529705140c6,romanized_codemixed,3,negative,thiki ache same as pictures,positive,,,
a683d26e347f4355,romanized_codemixed,5,positive,network a distrub kore,negative,,,
2bdf62646d93842a,bangla_script,5,positive,বাজে একটা পোডাক্ট কথা কাজের কোন মিল নাই 50 টাকার জিনিস 270 নিলো ডিজাইনেও মিল নাই,negative,,,
71d4425e94dcdeaf,bangla_script,1,negative,আলহামদুলিল্লাহ অল্প দামে ভালো কিছু পাইলাম আপনারাও নিতে পারেন,positive,,,
f2ee719ace83fcde,english,3,negative,so cute ☺️🪳,positive,,,
e9f0b82e678819f9,romanized_codemixed,3,negative,asole Ami babohar Kori Nai.But perfume Ta masallah.baboharer Por Abar review Debo.,positive,,,
fa69f3d303fc4fc6,romanized_codemixed,5,positive,2 ta order korsi ekta dise old version r ekta new version,negative,,,
b67069506567edeb,bangla_script,5,positive,তেমন একটা ভালো না তবে একবারে ও খারাপ না,negative,,,
269d0ccd0cc7b7aa,romanized_codemixed,5,positive,Product ta peye amr matha nosto hoya gase akhon ami pagol,negative,,,
82e9f1b9dd8e4cc5,bangla_script,5,positive,এক ভারে নরমাল মাল এত বাজে,negative,,,
a8de9bda64785230,romanized_codemixed,3,negative,"Very soft bra, if its prise 250taka it will good",positive,,,
bc03061af79d10e9,bangla_script,1,negative,খোব সুন্দর অনেক ভালো,positive,,,
b0f174452bc089d4,mixed_script,4,positive,সত‍্যি কথা বলতে প্যাকেজিংটা একদম বাজে ছিলো। এতে ভি 30 সাপোর্ট করে না। ১২৮ জিবিটা তে ভি ৩০ সাপোর্ট করে। মাত্র 61gb জায়গা পেয়েছি। সব মিলিয়ে মোটামুটি ভালো বলা যায়। তবে প্রোডাক্টটা অরজিনাল ব্যাপারে আমার একটু সন্দেহ আছে। কারন কিউ আর কোড করে স্ক্যান করার যে ওয়েবসাইট গেলাম সেখানে এই মেমোরি কার্ডের কোন ছবি নাই অথচ বার কোড যেটা লম্বা সেখানে এটি দেখাচ্ছে।,negative,,,
7e1180ca53c615f5,bangla_script,4,positive,প্রোডাক্ট ভালোই লেগেছে কিন্তু স্প্রে টা ঠিক মতো কাজ করে না ২ টা স্প্রে করলেই আটকায় যায় আর স্প্রে হতে চায় না কারন ভিতরে সূক্ষ্ম সূক্ষ্ম গুঁড়ো থেকে যায় যেটার জন্য স্প্রে পাইপ আটকায় যায়। সেলার কে প্রোডাক্ট টা উৎপাদন এর পর আরো ভালো মতো ছেঁকে নিতে হবে অথবা উৎপাদন এর সিস্টেম চেঞ্জ করতে হবে।,negative,,,
b2c48280aded91fd,mixed_script,5,positive,সবার কথা বলতে পারব না কিন্তু আমার জন্য এটা পারফেক্ট হয়নি। আমার গায়ের জোর একটু বেশি দ্রুত দিতে গেলে ফেটে যায় qualities bad not parfact on me🖕🖕🖕,negative,,,
4bf24d7a323e532b,bangla_script,5,positive,প্রডাক্ট টা কোনো কাজেরই নয় । ধোকা খাইলাম,negative,,,
c68c1933ec4c576b,romanized,5,positive,temon kaj kore na,negative,,,
b638fef427077e6c,romanized,5,positive,Packet futa chilo,negative,,,
9cf4244c753e8405,bangla_script,5,positive,"বাজে একটা প্রডাক্ট দিয়েছেন পেইজ খুজতে আজ ২/৩দিন লাহলো আর এটা কি কি করে তাও জানিনা, আমাকে পাঠিয়েছেন এই প্রডাক্ট ফেরত নেন আমার কোন প্রয়োজনীয় প্রডাক্ট না কাস্টমার কেন হেরেস মেন্ট আমি কনফিউশান পরে গেছি আমি কি অর্ডার করেছি পরে ভেবোছি করেছি হয়তো মনে নেই,এই বাজে খেলনা আমি কি কারনে অর্ডার করবো, প্লিজ ২১৭টাকা দিয়ে আমি পাগল হইনাই এই প্রডাক্ট নিতে দারাজ একটা সম্মানিত প্রতিষ্ঠান কলংক লাগাবেন আশা করি প্রডাক্ট ফেরত নিবেন,",negative,,,
e6d9420034795b44,bangla_script,5,positive,একটা দেখিয়ে আরেটা দিয়েছে,negative,,,
cd53d77d56ca355f,english,3,negative,it worth its price,positive,,,
4f1a313508967574,bangla_script,1,negative,আলহামদুলিল্লাহ আমি যেমনটা চেয়েছিলাম তেমনটাই পেয়েছি তো আপনার আলহামদুলিল্লাহ নিতে পারেন দারাজ কে ধন্যবাদ আপনারাও নিতে পারেন মাশাল্লাহ খুব ভালো জিনিস ছবির মধ্যে যেটা দেখিয়েছে সেটাই দিয়েছে আমারে,positive,,,
cdaa004d4a40db98,romanized_codemixed,5,positive,products quality very bad. puratai condom er toiri,negative,,,
5bb22ffbffbda401,romanized_codemixed,5,positive,half e khali chilo. very disappointing 😊,negative,,,
e1930e9b1117f17b,romanized_codemixed,4,positive,box ta te opposite side E Onek boro daag chilo 🚩bhalo Lage nai faltu fake price onno shob jaigai 300 taka ei Khane 500,negative,,,
b43e2e206cb1d7a5,english,1,negative,jast wow <URL> very good,positive,,,
d0ad68894ca94089,bangla_script,5,positive,বাজে একদম লাইট জলে না বেশি বাজে,negative,,,
6407facfa5a2c026,romanized,5,positive,vanga chilo,negative,,,
f2f573cc53ed9e07,bangla_script,5,positive,খুব বাজে জিনিস 😭🤬🤬🤬🤬🤬🤬🤬🤬🤬🤬🤬🤬🤬🤬🤬🤬🤬🤬🤬🤬🤬🤬🤬🤬🤬🤬🤬🤬🤬🤬🤬🤬 আমার টাকাই নষ্ট 🤬🤬🤬🤬🤬,negative,,,
1993df6fbc4c0a4e,romanized,5,positive,amar hoy nai ami bolce akta dica arak ta,negative,,,
9569ed6de9bb006b,bangla_script,5,positive,"খুবই বাজে সেলার, মোবাইলের কাভারের পরিবর্তে মহিলাদের এক কানের দুল ধরিয়ে দিছে।😠😠😠😠",negative,,,
7c4b2a363c7831a5,english,4,positive,The price is too much. The product is nice but doesn’t really show much on my waterline.,negative,,,
5e2323d4afa17721,romanized_codemixed,4,positive,dam hisab korle tik tak but aita moteo first copy na obosso ai dam a first copy nia impossible but ami first copy suggest korbo aktu basi dam holeo. karon first copy use korar por aita jokon use korci aitake moteo valo bola jai na. Budget kom takle recommend nahole na.,negative,,,
a989ae12a3d2d2cf,bangla_script,1,negative,"সাইজে ছোট কিন্তু কোয়ালিটি খুবই ভাল, ধন্যবাদ দারাজ কে",positive,,,
410c27e333a24016,mixed_script,5,positive,"ধন মার্কা L সাইজ দিছে,সিটার সেলার",negative,,,
5abd5ae7d01a701b,bangla_script,5,positive,"বাটপারের গুষ্টি, অর্ডার করছি ৪ টা দিছে ৩ টা। এইসব ফালতু সেলার কে ব্যান্ড করা উচিত দারাজের।",negative,,,
89238febec07787e,romanized_codemixed,5,positive,Motamuti cole but damta onek beshi ata dam howa dorkar 60-70 tk coz ata khub khub patla,negative,,,
f469701c992ad1af,bangla_script,3,negative,আমি ৫দিন বেবহার করে বলছি জিনিস টাখুব ভাল,positive,,,
033c7839cf05369f,bangla_script,5,positive,"কোয়ালিটি এত বাজে, যা আশা করি নাই আর কখনো ভিম পাউডার কিনবো না, কাউকেই কিনার জন্য রিকমেন্ড করবো না...!",negative,,,
57f3306e0a69a04f,bangla_script,3,negative,খারাপ না ভালোই চাইলে নিতে পারেন,positive,,,
4967abce71bc0787,romanized_codemixed,5,positive,product er packaging valo chilo but quality khub ekta valo mone hocche na. joto ta shokto vabsilam toto ta na. kono heavy saree rakhle vege jabe emin mine hocche. discount prize thik ase but delivery charge ta ro ektu komale valo hoto,negative,,,
5dac8d28a9d56e41,romanized_codemixed,4,positive,1month use kora por review delam liquid ta good 😃 but spary ta tite are not good quality 😤😤,negative,,,
c03228c0d4a887af,english,1,negative,"Charges fast. With battery automation on, my iPhone is never overcharged! On 5th Aug 2021 my battery health was 97%. After using this charger with usb c provided by iphone my battery health shows 94%! Today 28th Aug 2021. Now i am afraid to use this product.",positive,,,
2dc9496a13b32aa9,english,5,positive,Not good as like picture,negative,,,
941da665d96e1b69,romanized,2,negative,kom dame valo kichu,positive,,,
c7d966e59241e8f9,bangla_script,5,positive,ষ্টীলের হলে চুন্বকে লেগে থাকবে কেন ? এই গুলো খুবেই সেনসেটিভ যন্ত্র মুখে যনি নকল যন্ত্র লাগিয়ে কাজ করা হয় তা হলে রক্ত বের হলে থামবে না এবং ক্যান্সারের মত মরণ ব্যাধি হতে বাদ্য ৷ বিঃ দ্রঃ - তাই এই সমস্ত নকন পণ্য সরবাহ না করার জন্য সেইলার কে সাবধান করা উচিত ৷ চিত্রে দেখেছেন একটা যন্ত্রও ষ্টীলনেস ষ্টীল যন্ত্র নয় লোহার উপর ষ্টীলের কালার করা প্রমান সহকারে উপস্থাপন করলাম ৷ অনুগ্রহ করে যত দ্রুত টাকা পাঠাবেন ততই আমার জন্য মঙ্গল হলে ৷,negative,,,
ff9a438ef78d557d,romanized_codemixed,3,negative,Product gulo khub vlo chilo packaging vlo chilo,positive,,,
f68de0d8dfcd5fb0,english,5,positive,"Your packaging was very disappointing, one bottle was broken, leak. Bottle water has wash out my other products, it's very irresponsible service. Be careful about your service",negative,,,
e3a513110390a22a,bangla_script,3,negative,"আলহামদুলিল্লাহ, ঠিকঠাক।",positive,,,
bc16508f7afaad46,english,3,negative,"camera vignette issue, really wanted to use it",positive,,,
c892cbce8b4d212c,mixed_script,3,negative,ঘড়িটা অনেক স্টাইলিশ এক কথায় অসাধারণ সাথে TWS দারুণ সাউন্ড কিন্তু ঘড়ির চার্য কম থাকে সর্বোচ্চ হলে তিন চার্য থাকে ঘড়ি ডেলিভারি পেতে ৪০ দিন সময় লাগছে 😡,positive,,,
17b243eee346b163,romanized,3,negative,Alhamdulillah valo..Neya jai..!,positive,,,
c0337649bc183cfa,bangla_script,3,negative,খুব ভলো চশমা ছিল ভাই,positive,,,
673f9371eca7d30e,bangla_script,3,negative,ভালোই আছে নিতে পারেন। আর কিছু বলার নেই,positive,,,
2de2e979f16e52c3,bangla_script,5,positive,কফির গেটাপ টা সুন্দর না। লোকাল প্রোডাক্ট মনে হয়।,negative,,,
77549c0c6f108db1,bangla_script,1,negative,"আলহামদুলিল্লাহ ভালো পণ্য পাইছি। কিন্তু ফিতা নর্মাল হয়ে গেছে, কোন ব্যাপার না এই টাকা এটাই ভালো। চার্জ থাকে ভালো। আপনারা চাইলে সবাই নিতে পারেন। দারাজ থেকে কোন দিনও ঢোকেনি।",positive,,,
8d058433ce8e9799,romanized_codemixed,5,positive,onk chuto size,negative,,,
63022c04bd86b63d,english,5,positive,Very much poor delivery service.. I really disappointed thier delivery service this time....,negative,,,
62ba2d0e7c51370d,romanized_codemixed,4,positive,There was a hole in the packet. May be because of the delivery. Thankfully not much was spilled.,negative,,,
8b3dcf30b2284305,bangla_script,5,positive,আর জীবনে ডারাজের কোন প্রডাক্ট কিনবো না। সবগুলো প্রতারক। এত ছোট সাইজ যা ছবির সাথে কখনো মিলেছে না।,negative,,,
561980bb6f6cfc76,bangla_script,5,positive,একদম বাজে। চাইলাম কি আর দিলো কি? পালতু কোথাকার,negative,,,
310bea03fff9b0f1,romanized_codemixed,5,positive,dilam ki r pailam ki.baja quality,negative,,,
7501da699e0ee456,romanized_codemixed,3,negative,Dam hishebe valo ase but amr motey interface ta onek slow 4GB ram bole kotha but overall satisfied product,positive,,,
fcf07d7844a6081c,bangla_script,5,positive,কোথাও কোন উতপাদন তারিখ ও মেয়াত তারিখ পেলাম না।এটার কারণ কি সমাধান চাই।,negative,,,
8a5e1ad8bec57632,english,5,positive,cartoon was torn,negative,,,
9893fc879282f51c,bangla_script,5,positive,মোটামুটি চলার মত,negative,,,
924b4dcaa3d4b7b9,bangla_script,5,positive,"একদিন পড়ছি সেলাই ছুটে গেছে. একটা গ্লাভস এর মূল্য ৫৭৫ টাকা এটির যদি একদিনের বেশী না পড়া যায় আপনারা যে টাকাটা নিয়েছেন সেটা কি হালাল হচ্ছে,",negative,,,
7460e20b069065a4,english,3,negative,It looks like chemicals & test is good.,positive,,,
c07007a79e8a644d,bangla_script,4,positive,মোটামুটি চলে কিন্তু খুবই পাতলা। সামনের স্টিকার গুলোর কোয়ালিটি ভালো না,negative,,,
7353536ab906456f,bangla_script,1,negative,আলহামদুলিল্লাহ 😍 কিছু সময় আগে পার্রসেল হাতে পেয়েছি💖 প্যাকেজিং অনেক ভালো ছিলো 💖 পন্য ও অনেক ভালো 💖😍🥰,positive,,,
31bb8346a2e3582c,bangla_script,1,negative,ভালো পন্য সেম টু সেম পাইছি কিন্তু দুই নম্বর পন্য,positive,,,
d2a77d851d9e0d71,bangla_script,4,positive,কোয়ালিটি ঠিক আছে কিন্তু কালার অন্য এটাতো ঠিক না। ছবির সাথে মিল রাখবেন।,negative,,,
b1ccad2b4ae1bce2,bangla_script,3,negative,আলহামদুলিল্লাহ পন্যটি খুব সুন্দর হয়েছে,positive,,,
a82eca7917aa2395,english,5,positive,They cheated. This book has 384 pages. In my received book it has only 312. I'm disappointed.,negative,,,
4d7e2b87dbd0258e,english,1,negative,"as per price goods is not bad, I am happy about my goods. Thanks.",positive,,,
11355ee5f8d3e900,bangla_script,5,positive,প্যাপের কোয়ালিটি একদম বাজে😡😡😡,negative,,,
c67ad53d60afd7c9,bangla_script,5,positive,প্যাকেজিং দেখে মনে হয়েছিল প্রোডাক্টটি খুব ভালো হবে। কিন্তু ব্যবহারের পর সে আশায় গুড়ে বালি। ৫০% এর বেশি ব্যবহার করা যায় না। পন্যটি ফেরৎ পাঠাবো। এখন কিভাবে ফেরৎ পাঠাবো জানাবেন প্লিজ।,negative,,,
bbc3464b39ca7157,english,3,negative,Product quality is nice.,positive,,,
c9ea3f6cb8a2e0b1,bangla_script,5,positive,মালটা খুব বাজে 10 দিন পরেই রং যাইতেছে,negative,,,
65661a0b5127c60a,english,2,negative,This Product Are Very Good,positive,,,
a1fc4b3e6461525a,bangla_script,5,positive,ঘড়িটা যেমন চেয়েছিলাম তেমন পাইনি এটা একটা বাজে ঘড়ি কেউ নিলে ভেবেচিন্তে করে নিবেন ভালো হয়নি,negative,,,
23acd1da45a79215,english,5,positive,The quality is good ..but the size was wrong....it's not in actual size,negative,,,
c6a1aae240032731,bangla_script,5,positive,"দাম অনুযায়ী মোটামুটি চলে,,,,,,,,,,,",negative,,,
4134993d5b02197f,romanized,4,positive,bag fete powder pore gese kisu,negative,,,
6af4c94b729de1e6,bangla_script,4,positive,ভালো আবার এতটাও ভালো না,negative,,,
8238fdb2e161f280,bangla_script,5,positive,"খুবি বাজে জিনিস এমনটা আসা করিনাই কেমেরা কোয়ালিটি ভালোই,, তবে রেকডিং এ সমসা রেকড চালু করলে আদা ঘন্টা ১ ঘন্টা হয় তারপর আর হয় না আবার চালু করা লাগে",negative,,,
f83fb7e7f4d4455e,romanized_codemixed,4,positive,meat masla chilo na. 1 item missing.,negative,,,
d2001d481d1aa6eb,bangla_script,5,positive,একদম বাজে ২ নম্বার জিনিস এর আগেও আমি দারাজ থেকে ডায়পার নিয়েছি এটাই নিয়েছি খুব ভালো ছিলো।কিন্তু এটা খুব বাজে ১ বার হিসু করলেই ভিজে থাকে ডায়পার।ফালতু পুরা টাকাই নষ্ট,negative,,,
7626ab95e19bd63f,english,4,positive,Small size,negative,,,
e7684e00ee1b0d23,bangla_script,4,positive,ফোনটা অনেক মোটা,negative,,,
b8201848c4508547,bangla_script,5,positive,"দেখতে সুন্দর কিন্তু কাজ করেনা, পাওয়ার আসেনা চার্জও হয় না।",negative,,,
ce9a66d272661ac5,bangla_script,5,positive,"প্রোডাক্ট ছিলো ২ পিস সেট, বাট সেলার শুধু ঘড়ি দিয়েছে। সেলারকে নক দেয়া হলেও সে কোনো রেসপন্স করে নি। যদিও দারাজে কম্পেলেইন করার পর কিছু টাকা রিফান্ড দিয়েছে।",negative,,,
9eec24f4444d8490,bangla_script,1,negative,অনেক ধন্যবাদ যেমন চেয়ে ছিলাম তেমন পায় ছি,positive,,,
73024a953ed2ad61,english,5,positive,don't like it .,negative,,,
25aa46a468b1de04,english,4,positive,The product quality is good but battery isn't good.Also it is not same as the picture.,negative,,,
1c69b45efd044ced,bangla_script,5,positive,ভালো রেজাল্ট পাই নাই।,negative,,,
2cc4c4f325314050,english,5,positive,Delivery service is super poor,negative,,,
0b35aa0327616b37,english,5,positive,Pant quality was good. but the problem is seller delivered me small size in place of medium size. Now it's useless to me.,negative,,,
c422abcd7caf9789,bangla_script,3,negative,ভালই তবে মান আরো ভাল আশা করছিলাম!,positive,,,
f62caf4b6f57347b,english,3,negative,Found the product after 3 to 4 days.everything was in good condition.,positive,,,
4994ffa7d2807361,bangla_script,5,positive,"চেয়েছি মুড়ি মশলা, দিয়েছে ম্যাজিক মশলা...টাকা পানিতে ফেলা আরকি.....",negative,,,
da10baf723148b8b,english,4,positive,Wrong product sent!,negative,,,
e8d4ffb75c8718aa,bangla_script,4,positive,তেমন একটা স্ট্রং না৷ একটু ভারী কাপড় রাখলেই ভেঙ্গে যাবে। হাল্কা কাপড়ের জন্য ঠিক আছে।,negative,,,
a2988bb1fe3295fd,bangla_script,3,negative,ভালোই তবে হাতার কুচি কম,positive,,,
d66dfb874ced5156,romanized_codemixed,1,negative,"valoi hoice ai dame ar ki pawya jay .. ar raidar ar Kota ki bolbo khubi Valo bebohar, ar onk Valo bavei delivery paici.raidar vaiya ono thanks..",positive,,,
aaffd0bb990515f6,bangla_script,2,negative,দামে অনেক ভালোই,positive,,,
bd3874dd432fc8a9,bangla_script,5,positive,এই একই প্রোডাক্ট আরো অনেক কমদামে কেনা যায় মহল্লার দোকান থেকে। আমি রিটার্ন করেছি। যে কালার চেয়েছিলাম সেটা দেয়নি বলে। মান অনুযায়ী দাম অনেক বেশি।,negative,,,
f86605d463735fcc,bangla_script,3,negative,দেখেতো মনেহলো ভালো প্রোডাক্ট। এখনো ইউজ করিনি ইউজ করলে বুঝতে পারবো৷,positive,,,
